frame,timestamp,upper_iou,lower_iou,mean_iou,error
1,0.0,0.8265313834410308,0.8716157577999403,0.8490735706204855,0.1509264293795145
2,0.017,0.7915991733229067,0.8142030350022154,0.8029011041625611,0.1970988958374389
3,0.033,0.7853960442182577,0.8187581681172316,0.8020771061677446,0.19792289383225536
4,0.05,0.7719168727621719,0.8249451424897623,0.7984310076259671,0.20156899237403292
5,0.067,0.7718435754189944,0.8171807702493623,0.7945121728341784,0.2054878271658216
6,0.083,0.7618081450610514,0.8089769488336055,0.7853925469473284,0.2146074530526716
7,0.1,0.76101313459268,0.7931388520034497,0.7770759932980649,0.22292400670193513
8,0.117,0.7527332661844154,0.771844331641286,0.7622887989128506,0.23771120108714938
9,0.133,0.7644433655749338,0.7701874257318786,0.7673153956534062,0.23268460434659377
10,0.15,0.7658299897359335,0.776628061515094,0.7712290256255138,0.22877097437448624
11,0.167,0.7497503132433856,0.7854007854007854,0.7675755493220855,0.2324244506779145
12,0.183,0.7684299065420561,0.7901184045397501,0.7792741555409031,0.22072584445909693
13,0.2,0.7777985493157855,0.804412869731539,0.7911057095236622,0.20889429047633779
14,0.217,0.782078691721991,0.8112017296587208,0.7966402106903558,0.20335978930964416
15,0.233,0.7850440930372488,0.8202039181011854,0.8026240055692171,0.1973759944307829
16,0.25,0.7887041555542946,0.8232873865761585,0.8059957710652266,0.19400422893477343
17,0.267,0.7951114306254493,0.8228977091176838,0.8090045698715665,0.19099543012843345
18,0.283,0.7869868465941398,0.8170883623076072,0.8020376044508735,0.19796239554912654
19,0.3,0.7957438723161695,0.8207699368585019,0.8082569045873357,0.19174309541266432
20,0.317,0.7949554333396548,0.8192568272561594,0.8071061302979071,0.19289386970209288
21,0.333,0.7967755459846781,0.826505519072237,0.8116405325284576,0.18835946747154242
22,0.35,0.8052383127760012,0.8352052563598584,0.8202217845679298,0.17977821543207018
23,0.367,0.8020352936692458,0.8334718719621297,0.8177535828156877,0.18224641718431234
24,0.383,0.7960665485106626,0.8273174157303371,0.8116919821204999,0.18830801787950013
25,0.4,0.7900744511129681,0.8272997282075709,0.8086870896602696,0.1913129103397304
26,0.417,0.7898925057925323,0.8243949606917137,0.807143733242123,0.19285626675787704
27,0.433,0.7891821131116128,0.812316143153903,0.8007491281327579,0.1992508718672421
28,0.45,0.7853294889790963,0.8153326163773237,0.8003310526782099,0.19966894732179008
29,0.467,0.7825667599667145,0.8077575184835177,0.7951621392251161,0.20483786077488386
30,0.483,0.7857142857142857,0.8127400013862895,0.7992271435502876,0.20077285644971243
31,0.5,0.7868211194678559,0.8174841508174842,0.80215263514267,0.19784736485733
32,0.517,0.7881952970063273,0.8199609973533918,0.8040781471798595,0.19592185282014052
33,0.533,0.7905986142137745,0.8205538102254719,0.8055762122196233,0.19442378778037672
34,0.55,0.7884448141566152,0.822669612215692,0.8055572131861536,0.1944427868138464
35,0.567,0.7891160325572592,0.8246727103608169,0.806894371459038,0.19310562854096203
36,0.583,0.7907882241215575,0.8297023070159524,0.8102452655687549,0.18975473443124513
37,0.6,0.7825218714340053,0.8353767542686618,0.8089493128513335,0.19105068714866646
38,0.617,0.7961006073760972,0.8303091116871534,0.8132048595316252,0.18679514046837475
39,0.633,0.7952078444838704,0.8292523260348766,0.8122300852593736,0.18776991474062643
40,0.65,0.7919556969302112,0.828814807609466,0.8103852522698386,0.1896147477301614
41,0.667,0.7891361032336651,0.8264205694833913,0.8077783363585282,0.19222166364147175
42,0.683,0.8038437194314978,0.83480096164598,0.8193223405387389,0.18067765946126113
43,0.7,0.7970446551460468,0.8434221827961531,0.8202334189711,0.17976658102889997
44,0.717,0.7960679584067276,0.8424153992928897,0.8192416788498087,0.1807583211501913
45,0.733,0.7960457658956795,0.8421773123712213,0.8191115391334505,0.18088846086654953
46,0.75,0.7913013841289076,0.8429036210757594,0.8171025026023335,0.18289749739766648
47,0.767,0.7895283999621964,0.8377298498853388,0.8136291249237676,0.1863708750762324
48,0.783,0.795595997048864,0.8383951900654623,0.8169955935571631,0.1830044064428369
49,0.8,0.7922964132641552,0.8377753660977294,0.8150358896809423,0.18496411031905768
50,0.817,0.8192280213945047,0.83616892528954,0.8276984733420223,0.1723015266579777
51,0.833,0.7919416267581734,0.8465785701105701,0.8192600984343718,0.18073990156562825
52,0.85,0.7963690633619224,0.8433490026680218,0.8198590330149721,0.1801409669850279
53,0.867,0.7900342478642128,0.8385692068429238,0.8143017273535683,0.18569827264643168
54,0.883,0.7898568354075044,0.8305462809685474,0.810201558188026,0.18979844181197403
55,0.9,0.7886780435719236,0.8233018418323007,0.8059899427021122,0.19401005729788778
56,0.917,0.773468356325927,0.8096054649379618,0.7915369106319444,0.20846308936805558
57,0.933,0.766648609269049,0.8106947697111632,0.788671689490106,0.21132831050989398
58,0.95,0.7650492316873042,0.813597012629194,0.7893231221582491,0.21067687784175093
59,0.967,0.7705984307732449,0.8171766449069738,0.7938875378401093,0.20611246215989065
60,0.983,0.7722475862585135,0.8223387886417681,0.7972931874501408,0.20270681254985923
61,1.0,0.7687318942154939,0.8241523351821065,0.7964421146988002,0.20355788530119978
62,1.017,0.7687889299168252,0.826428431180051,0.7976086805484381,0.20239131945156186
63,1.033,0.778311805346951,0.8243714545836544,0.8013416299653027,0.19865837003469733
64,1.05,0.7839728520512627,0.8339345619920554,0.808953707021659,0.19104629297834097
65,1.067,0.7896641904184354,0.8367760169860934,0.8132201037022644,0.18677989629773561
66,1.083,0.7918644840290174,0.8477757051608162,0.8198200945949168,0.18017990540508322
67,1.1,0.8042246558673664,0.8545632361487109,0.8293939460080386,0.17060605399196138
68,1.117,0.803700953795191,0.8499563662978915,0.8268286600465413,0.17317133995345868
69,1.133,0.8104806484758534,0.8491735245542961,0.8298270865150748,0.17017291348492525
70,1.15,0.8006007481014094,0.8404521905620003,0.8205264693317048,0.1794735306682952
71,1.167,0.8005089831731682,0.8353470075864007,0.8179279953797844,0.18207200462021556
72,1.183,0.7953878486093493,0.8257318952234206,0.8105598719163849,0.1894401280836151
73,1.2,0.7933228549245365,0.8268195483465007,0.8100712016355186,0.1899287983644814
74,1.217,0.7883344036870538,0.8176086623707395,0.8029715330288967,0.19702846697110332
75,1.233,0.7799486246789042,0.8084177363861215,0.7941831805325128,0.2058168194674872
76,1.25,0.7767086247086247,0.8065850430178689,0.7916468338632467,0.20835316613675325
77,1.267,0.7668224645745233,0.7935774801858432,0.7801999723801832,0.21980002761981676
78,1.283,0.7641430562006503,0.8015518619587089,0.7828474590796796,0.21715254092032044
79,1.3,0.7670448226003782,0.8097518442140811,0.7883983334072296,0.21160166659277035
80,1.317,0.7675908947787594,0.8063519525457242,0.7869714236622418,0.21302857633775818
81,1.333,0.7950039271278329,0.8143552110817942,0.8046795691048135,0.19532043089518647
82,1.35,0.7682156133828997,0.8119674537945418,0.7900915335887208,0.20990846641127925
83,1.367,0.7708542526683774,0.8050588509338047,0.787956551801091,0.21204344819890897
84,1.383,0.7616231647634584,0.8122809438388299,0.7869520543011441,0.21304794569885588
85,1.4,0.7684298596262898,0.8161829740187949,0.7923064168225424,0.20769358317745756
86,1.417,0.7927197247794584,0.8201183595969675,0.8064190421882129,0.19358095781178708
87,1.433,0.7784442326737299,0.8162299053072011,0.7973370689904655,0.20266293100953447
88,1.45,0.77186871321064,0.8233873082922655,0.7976280107514527,0.20237198924854727
89,1.467,0.7732514602366333,0.8173686531782347,0.795310056707434,0.20468994329256596
90,1.483,0.7722005560635181,0.8189467295649535,0.7955736428142358,0.20442635718576418
91,1.5,0.7883616797110174,0.8287637157624167,0.8085626977367171,0.19143730226328293
92,1.517,0.8013026848941569,0.8486043057618367,0.8249534953279968,0.17504650467200322
93,1.533,0.8184495353195396,0.8591876851518592,0.8388186102356994,0.16118138976430063
94,1.55,0.814604041297368,0.8593272171253823,0.8369656292113752,0.16303437078862482
95,1.567,0.8026643979968677,0.859410087205698,0.8310372426012829,0.16896275739871713
96,1.583,0.8076521133302369,0.8669230875277445,0.8372876004289906,0.16271239957100936
97,1.6,0.749412077074799,0.860566989007356,0.8049895330410775,0.19501046695892255
98,1.617,0.727450379339413,0.8598616630684397,0.7936560212039263,0.2063439787960737
99,1.633,0.7406073378676118,0.8350035019664889,0.7878054199170503,0.21219458008294967
100,1.65,0.7337808031639793,0.8109040259998673,0.7723424145819233,0.22765758541807668
101,1.667,0.7416476804962571,0.7916682995649958,0.7666579900306265,0.2333420099693735
102,1.683,0.7459659540012724,0.7844375580224637,0.765201756011868,0.23479824398813198
103,1.7,0.7362232091137285,0.7800610429932116,0.75814212605347,0.24185787394653002
104,1.717,0.7111195807527394,0.7761983732132985,0.743658976983019,0.25634102301698103
105,1.733,0.6919874536641004,0.7804328639363481,0.7362101588002243,0.26378984119977567
106,1.75,0.6705443867178676,0.779863548527034,0.7252039676224509,0.2747960323775491
107,1.767,0.6702093519340041,0.7691595367278798,0.719684444330942,0.28031555566905797
108,1.783,0.6657297011771808,0.7720634176819744,0.7188965594295775,0.28110344057042247
109,1.8,0.6726068473392546,0.7640739926834628,0.7183404200113587,0.28165957998864133
110,1.817,0.663572867443568,0.7684918721319126,0.7160323697877403,0.2839676302122597
111,1.833,0.6538998265067512,0.7696011980840983,0.7117505122954247,0.28824948770457526
112,1.85,0.6435900326981622,0.7745484125037121,0.7090692226009372,0.2909307773990628
113,1.867,0.6588936784337556,0.7828454643055789,0.7208695713696672,0.27913042863033277
114,1.883,0.6724746612003188,0.7767156330963716,0.7245951471483452,0.27540485285165484
115,1.9,0.677632455689455,0.7719202160179336,0.7247763358536943,0.2752236641463057
116,1.917,0.682383947980993,0.7726613211149294,0.7275226345479612,0.2724773654520388
117,1.933,0.6725399062821441,0.771991124486725,0.7222655153844346,0.2777344846155654
118,1.95,0.6774218125023809,0.7807314074984635,0.7290766100004222,0.27092338999957777
119,1.967,0.6771198051453798,0.7861905676073463,0.7316551863763631,0.26834481362363694
120,1.983,0.6780285929270128,0.7784452386383799,0.7282369157826963,0.27176308421730366
121,2.0,0.6850828729281768,0.7766266006358213,0.7308547367819991,0.2691452632180009
122,2.017,0.6919763160891184,0.7771591953950601,0.7345677557420892,0.2654322442579108
123,2.033,0.6738544474393531,0.7758583785553304,0.7248564129973417,0.2751435870026583
124,2.05,0.6753666233525153,0.774059682348059,0.7247131528502871,0.27528684714971285
125,2.067,0.6802554118146419,0.7776187427021733,0.7289370772584076,0.2710629227415924
126,2.083,0.6805169280973041,0.7820854606272478,0.731301194362276,0.26869880563772397
127,2.1,0.6792452830188679,0.7913564851553742,0.735300884087121,0.264699115912879
128,2.117,0.67673208883642,0.797146605444408,0.736939347140414,0.263060652859586
129,2.133,0.6749018957607915,0.7962257029628231,0.7355637993618074,0.2644362006381926
130,2.15,0.6707741959144754,0.793190527043156,0.7319823614788157,0.2680176385211843
131,2.167,0.6731004958012404,0.7984345655982555,0.735767530699748,0.264232469300252
132,2.183,0.6858551425848545,0.8044299018374025,0.7451425222111285,0.25485747778887147
133,2.2,0.6887982059483108,0.8032712575076493,0.7460347317279801,0.25396526827201993
134,2.217,0.6878919528111537,0.806039635105379,0.7469657939582663,0.25303420604173366
135,2.233,0.6893366918555835,0.7992977038402151,0.7443171978478993,0.2556828021521007
136,2.25,0.6872893552677124,0.8084199374432449,0.7478546463554787,0.2521453536445213
137,2.267,0.6804422264315897,0.8156336360047375,0.7480379312181635,0.25196206878183647
138,2.283,0.6627682817118622,0.8095750128008192,0.7361716472563407,0.26382835274365934
139,2.3,0.6582988777318369,0.8154929220795665,0.7368958999057017,0.2631041000942983
140,2.317,0.6357063814090741,0.8089198659354052,0.7223131236722397,0.27768687632776035
141,2.333,0.6458017498036493,0.8028456565300129,0.7243237031668311,0.27567629683316885
142,2.35,0.6478275253639171,0.8052820852887166,0.7265548053263169,0.2734451946736831
143,2.367,0.6451267922202686,0.8085087372196622,0.7268177647199654,0.2731822352800346
144,2.383,0.6739390859258722,0.8089863279257219,0.7414627069257971,0.2585372930742029
145,2.4,0.6842402286504888,0.8053913065498424,0.7448157676001657,0.25518423239983434
146,2.417,0.6929625425652668,0.8101103541891858,0.7515364483772262,0.24846355162277378
147,2.433,0.6906228860815036,0.8038286556856419,0.7472257708835728,0.2527742291164272
148,2.45,0.6850406563089879,0.7989281859484425,0.7419844211287152,0.2580155788712848
149,2.467,0.6903198745304009,0.8093850887812752,0.7498524816558381,0.25014751834416193
150,2.483,0.6911377595788242,0.8066675037669513,0.7489026316728877,0.25109736832711227
151,2.5,0.68516086671044,0.8075007839448103,0.7463308253276251,0.25366917467237493
152,2.517,0.6969302189030991,0.8104768622314029,0.753703540567251,0.24629645943274903
153,2.533,0.6866611736702372,0.8037125597785049,0.7451868667243711,0.25481313327562893
154,2.55,0.6712612743671806,0.8021401095114586,0.7367006919393196,0.26329930806068036
155,2.567,0.6450630007348592,0.7813951165926,0.7132290586637295,0.28677094133627046
156,2.583,0.6156356992070391,0.7505547497737612,0.6830952244904002,0.31690477550959983
157,2.6,0.5850112835225583,0.7232020198269781,0.6541066516747682,0.3458933483252318
158,2.617,0.5890720412269246,0.7167936279496787,0.6529328345883016,0.34706716541169835
159,2.633,0.6072422417133396,0.7107827844815753,0.6590125130974575,0.34098748690254255
160,2.65,0.646351545650611,0.7273963290278722,0.6868739373392416,0.3131260626607584
161,2.667,0.6802961892721691,0.7419652248438494,0.7111307070580093,0.2888692929419907
162,2.683,0.7056455285737708,0.7630409325597488,0.7343432305667599,0.2656567694332401
163,2.7,0.7331298495936455,0.7667765290685109,0.7499531893310782,0.25004681066892176
164,2.717,0.7523458690711825,0.7866923024102177,0.7695190857407002,0.23048091425929984
165,2.733,0.7657885974323875,0.7901891171310558,0.7779888572817216,0.22201114271827838
166,2.75,0.7793986139056561,0.804005722460658,0.7917021681831571,0.20829783181684292
167,2.767,0.8083905649187917,0.8070513895878767,0.8077209772533342,0.19227902274666575
168,2.783,0.8131408966323578,0.7909222398236793,0.8020315682280186,0.19796843177198142
169,2.8,0.8133371713682594,0.799839849790148,0.8065885105792037,0.19341148942079633
170,2.817,0.7989873417721519,0.8079254274129499,0.8034563845925509,0.19654361540744913
171,2.833,0.800526797556556,0.7926851223531692,0.7966059599548626,0.2033940400451374
172,2.85,0.7988759009597789,0.7825062034739454,0.7906910522168622,0.2093089477831378
173,2.867,0.8011361512875136,0.7838351560563069,0.7924856536719103,0.20751434632808974
174,2.883,0.8015960942634495,0.7887772841413946,0.795186689202422,0.20481331079757803
175,2.9,0.8209774746073986,0.7810068744082658,0.8009921745078321,0.1990078254921679
176,2.917,0.8091325732170802,0.7783109668903311,0.7937217700537056,0.2062782299462944
177,2.933,0.8117931547619047,0.7746921630266175,0.7932426588942612,0.20675734110573885
178,2.95,0.8059668137884798,0.7659737522751221,0.7859702830318009,0.21402971696819906
179,2.967,0.8050780958074882,0.7730973597133167,0.7890877277604025,0.21091227223959752
180,2.983,0.804084677795393,0.7740092774848931,0.7890469776401431,0.2109530223598569
181,3.0,0.7966584711667412,0.778600334240294,0.7876294027035176,0.21237059729648244
182,3.017,0.797741731463224,0.7742278138752087,0.7859847726692164,0.2140152273307836
183,3.033,0.8002489688231578,0.7840239571000766,0.7921364629616172,0.20786353703838278
184,3.05,0.7998255317569323,0.7754893710943428,0.7876574514256376,0.2123425485743624
185,3.067,0.7997032640949555,0.7764135212975595,0.7880583926962574,0.21194160730374256
186,3.083,0.7951693678044093,0.7719111234166263,0.7835402456105178,0.21645975438948217
187,3.1,0.8267690513219285,0.7717196750654,0.7992443631936642,0.2007556368063358
188,3.117,0.8242282579299154,0.7607722745258562,0.7925002662278857,0.20749973377211428
189,3.133,0.8203643826598772,0.755655244821991,0.7880098137409342,0.21199018625906585
190,3.15,0.8248582139767375,0.7598336889326549,0.7923459514546962,0.20765404854530378
191,3.167,0.8001984535599947,0.7580642955791661,0.7791313745695805,0.22086862543041952
192,3.183,0.8042970574497899,0.7678237429860271,0.7860604002179085,0.21393959978209154
193,3.2,0.805621091263154,0.7646471962936136,0.7851341437783838,0.21486585622161625
194,3.217,0.8121282623787455,0.7667986348122867,0.7894634485955161,0.2105365514044839
195,3.233,0.8062751709281634,0.7670656966189378,0.7866704337735506,0.21332956622644939
196,3.25,0.8057414648819371,0.7814187327823692,0.7935800988321531,0.20641990116784692
197,3.267,0.8056057866184448,0.7801916495550992,0.792898718086772,0.20710128191322796
198,3.283,0.8134625923616229,0.7797158858079497,0.7965892390847863,0.2034107609152137
199,3.3,0.8220565134280902,0.7932171585468494,0.8076368359874697,0.19236316401253029
200,3.317,0.8163904722358537,0.8019124545479779,0.8091514633919158,0.1908485366080842
201,3.333,0.8334799067028639,0.7895614451298041,0.811520675916334,0.18847932408366597
202,3.35,0.8368828654404646,0.7915220247562409,0.8142024450983527,0.1857975549016473
203,3.367,0.8097626528371882,0.7980863897940789,0.8039245213156335,0.19607547868436648
204,3.383,0.8345366795366795,0.7946258531770855,0.8145812663568825,0.18541873364311745
205,3.4,0.8324873096446701,0.789917369167849,0.8112023394062595,0.18879766059374048
206,3.417,0.8073072885422915,0.7834708451778409,0.7953890668600663,0.20461093313993373
207,3.433,0.8286151047814393,0.7809643478501008,0.8047897263157701,0.19521027368422994
208,3.45,0.8089925625422583,0.7762759038800705,0.7926342332111644,0.20736576678883556
209,3.467,0.833851921999111,0.7747122638911834,0.8042820929451472,0.1957179070548528
210,3.483,0.8253275951907675,0.7781902488166375,0.8017589220037025,0.19824107799629753
211,3.5,0.8076915893087282,0.7811362535464673,0.7944139214275978,0.2055860785724022
212,3.517,0.8035503623391944,0.7844796691936595,0.794015015766427,0.20598498423357303
213,3.533,0.8293667658308542,0.7776027828754554,0.8034847743531548,0.1965152256468452
214,3.55,0.8067970467226512,0.781013698630137,0.793905372676394,0.20609462732360595
215,3.567,0.8072860086158457,0.7821028775496188,0.7946944430827323,0.2053055569172677
216,3.583,0.8276154008966539,0.7812031625988313,0.8044092817477426,0.19559071825225738
217,3.6,0.8024684463308388,0.7665529475982533,0.7845106969645461,0.21548930303545388
218,3.617,0.7968947564150242,0.7645551080190407,0.7807249322170324,0.21927506778296757
219,3.633,0.7778135565931412,0.7452250259974463,0.7615192912952937,0.23848070870470628
220,3.65,0.7975890004765519,0.7522509848058525,0.7749199926412023,0.22508000735879774
221,3.667,0.7794077039900593,0.7586616827011459,0.7690346933456026,0.2309653066543974
222,3.683,0.8193278073023416,0.7515107594122942,0.7854192833573179,0.21458071664268208
223,3.7,0.6562699452450536,0.46932583295606695,0.5627978891005603,0.4372021108994397
224,3.717,0.7477425402280894,0.4891183757225916,0.6184304579753405,0.38156954202465954
225,3.733,0.7925391881893422,0.7116710313486867,0.7521051097690145,0.24789489023098554
226,3.75,0.8182873730043542,0.8057917511423125,0.8120395620733334,0.1879604379266666
227,3.767,0.8121898597626753,0.7910713761126507,0.801630617937663,0.198369382062337
228,3.783,0.8018449656750573,0.7880862849943739,0.7949656253347156,0.2050343746652844
229,3.8,0.7619205413512854,0.7865020733044182,0.7742113073278518,0.22578869267214818
230,3.817,0.7403438229431107,0.7974217833768396,0.7688828031599751,0.23111719684002485
231,3.833,0.7250263144704526,0.799645606172828,0.7623359603216403,0.2376640396783597
232,3.85,0.7348680497357574,0.808433690019015,0.7716508698773862,0.22834913012261382
233,3.867,0.7012095722483046,0.8001313100489176,0.7506704411486111,0.24932955885138885
234,3.883,0.6990547408630345,0.8080175819284482,0.7535361613957414,0.24646383860425858
235,3.9,0.6753834022625963,0.8112411871411741,0.7433122947018852,0.2566877052981148
236,3.917,0.6632428940568476,0.8061434283989739,0.7346931612279107,0.26530683877208927
237,3.933,0.6560392798690671,0.8032489086292003,0.7296440942491337,0.2703559057508663
238,3.95,0.6678560709640844,0.8061289024320129,0.7369924866980486,0.2630075133019514
239,3.967,0.6717977187846977,0.8009986556558479,0.7363981872202728,0.26360181277972716
240,3.983,0.6850623958652113,0.8047271666180332,0.7448947812416222,0.25510521875837777
241,4.0,0.7063948453251118,0.8066761993984517,0.7565355223617818,0.2434644776382182
242,4.017,0.7344666713790909,0.805806328516484,0.7701364999477875,0.22986350005221245
243,4.033,0.7622959738846572,0.8074306910178793,0.7848633324512683,0.21513666754873173
244,4.05,0.7651686225150853,0.8040750911076857,0.7846218568113855,0.21537814318861448
245,4.067,0.7700553635789396,0.8051890304434149,0.7876221970111772,0.2123778029888228
246,4.083,0.7668350168350169,0.8087426620033633,0.7877888394191901,0.2122111605808099
247,4.1,0.7330314212233031,0.7950658845883762,0.7640486529058397,0.23595134709416032
248,4.117,0.7271327726043857,0.7903169268202157,0.7587248497123007,0.2412751502876993
249,4.133,0.7116748040481135,0.7948392816642956,0.7532570428562045,0.24674295714379546
250,4.15,0.713809044476755,0.7894645073282803,0.7516367759025177,0.24836322409748235
251,4.167,0.7274001270600545,0.7924912510488509,0.7599456890544527,0.2400543109455473
252,4.183,0.7203916260268131,0.7939561004710868,0.75717386324895,0.24282613675105003
253,4.2,0.7126303378652223,0.7947803633457318,0.753705350605477,0.24629464939452295
254,4.217,0.69809963099631,0.7932720217544074,0.7456858263753587,0.25431417362464126
255,4.233,0.6842355610032748,0.7890322254262154,0.7366338932147452,0.26336610678525485
256,4.25,0.6826394344069128,0.7908888664172312,0.736764150412072,0.263235849587928
257,4.267,0.6875524884069084,0.7828512375964443,0.7352018630016763,0.26479813699832366
258,4.283,0.6838047205239383,0.7791558291573355,0.7314802748406368,0.2685197251593632
259,4.3,0.6822712611841026,0.781438417319596,0.7318548392518494,0.26814516074815065
260,4.317,0.6819213174748399,0.782170262343819,0.7320457899093294,0.26795421009067055
261,4.333,0.6928111724917501,0.7808485480088984,0.7368298602503243,0.26317013974967574
262,4.35,0.6918514745210763,0.7694542332611235,0.7306528538910999,0.2693471461089001
263,4.367,0.7010801904064445,0.7695793203253656,0.7353297553659051,0.26467024463409494
264,4.383,0.6977672468787023,0.7647470926159451,0.7312571697473237,0.2687428302526763
265,4.4,0.7041283563500494,0.7655291855044153,0.7348287709272323,0.2651712290727677
266,4.417,0.709327228417399,0.7641907818847485,0.7367590051510737,0.26324099484892627
267,4.433,0.708574569439355,0.7647005627009646,0.7366375660701598,0.26336243392984016
268,4.45,0.707242848447961,0.7635718676623232,0.7354073580551421,0.2645926419448579
269,4.467,0.7090242464441006,0.7661674471177136,0.7375958467809071,0.26240415321909294
270,4.483,0.7144841122879787,0.768762922991578,0.7416235176397783,0.2583764823602217
271,4.5,0.7166114234438808,0.7689528135251072,0.742782118484494,0.25721788151550595
272,4.517,0.7039096946522988,0.7636306968420418,0.7337701957471703,0.2662298042528297
273,4.533,0.6945010183299389,0.7579313734340365,0.7262161958819877,0.2737838041180123
274,4.55,0.7015189873417722,0.7523464185189266,0.7269327029303494,0.2730672970696506
275,4.567,0.6994472134118713,0.7516434327923804,0.7255453231021258,0.2744546768978742
276,4.583,0.7027853691202288,0.7535316619644775,0.7281585155423531,0.2718414844576469
277,4.6,0.6991473372353494,0.7474283081422719,0.7232878226888106,0.27671217731118936
278,4.617,0.6931560631748015,0.7475614008867633,0.7203587320307824,0.2796412679692176
279,4.633,0.6981138796373805,0.7516097326138849,0.7248618061256327,0.27513819387436733
280,4.65,0.7007854382246602,0.751739791225053,0.7262626147248565,0.27373738527514346
281,4.667,0.7136875257233863,0.757884859858345,0.7357861927908657,0.26421380720913434
282,4.683,0.7034417978165319,0.7573452677209601,0.7303935327687461,0.2696064672312539
283,4.7,0.7054871822432418,0.7590966375964108,0.7322919099198263,0.2677080900801737
284,4.717,0.7020020625155577,0.7626159219559195,0.7323089922357386,0.26769100776426136
285,4.733,0.6976294403633911,0.769721929895572,0.7336756851294816,0.26632431487051844
286,4.75,0.6934293683578717,0.7704699073137168,0.7319496378357943,0.26805036216420575
287,4.767,0.6988907622681693,0.7708639687367806,0.734877365502475,0.26512263449752504
288,4.783,0.6959354199121938,0.768726383640809,0.7323309017765014,0.2676690982234986
289,4.8,0.6990863230676968,0.7726922218389172,0.735889272453307,0.26411072754669296
290,4.817,0.6900907249185237,0.765753369217694,0.7279220470681089,0.2720779529318911
291,4.833,0.6924842023511137,0.7698652874912705,0.731174744921192,0.26882525507880795
292,4.85,0.7005016334327079,0.7704558101886984,0.7354787218107031,0.26452127818929694
293,4.867,0.7073736005134422,0.7690720606826802,0.7382228305980612,0.26177716940193885
294,4.883,0.7093298666144284,0.7682819293960248,0.7388058980052266,0.26119410199477344
295,4.9,0.7032338308457712,0.766477197888487,0.7348555143671291,0.26514448563287085
296,4.917,0.6986951154999118,0.761970277898613,0.7303326966992625,0.2696673033007375
297,4.933,0.6868250161908596,0.7569865608188431,0.7219057885048513,0.2780942114951487
298,4.95,0.6895986751700081,0.7565756170652196,0.7230871461176138,0.2769128538823862
299,4.967,0.682905565629795,0.7605665284889864,0.7217360470593908,0.27826395294060924
300,4.983,0.6807053796581676,0.7743884301759064,0.727546904917037,0.272453095082963
301,5.0,0.6786255156927254,0.776655639344936,0.7276405775188307,0.2723594224811693
302,5.017,0.6650645474736258,0.7810255777105582,0.723045062592092,0.276954937407908
303,5.033,0.6612778132055636,0.7787812705727453,0.7200295418891545,0.27997045811084553
304,5.05,0.6587067576370556,0.7726694828364025,0.715688120236729,0.284311879763271
305,5.067,0.6518951341848079,0.7745584563696329,0.7132267952772204,0.28677320472277956
306,5.083,0.6565105063727179,0.7783618181072994,0.7174361622400087,0.2825638377599913
307,5.1,0.6593501109524711,0.7765821163207789,0.717966113636625,0.282033886363375
308,5.117,0.661640207060127,0.7814166265824728,0.7215284168212999,0.27847158317870013
309,5.133,0.6592182635766171,0.789017161975176,0.7241177127758965,0.27588228722410346
310,5.15,0.6355742440558604,0.7747972100232499,0.7051857270395552,0.2948142729604448
311,5.167,0.6072640293139716,0.7517858416638643,0.6795249354889179,0.3204750645110821
312,5.183,0.5993345925245629,0.7479134419860998,0.6736240172553314,0.3263759827446686
313,5.2,0.5983762396588048,0.7316411824668705,0.6650087110628377,0.33499128893716235
314,5.217,0.6504417375008367,0.591567128746055,0.6210044331234459,0.3789955668765541
315,5.233,0.6543148510406311,0.5376254765485642,0.5959701637945977,0.40402983620540234
316,5.25,0.6732982218626691,0.5933007727746951,0.6332994973186821,0.36670050268131793
317,5.267,0.6792291012654131,0.6007116396958472,0.6399703704806301,0.3600296295193699
318,5.283,0.7352642188872999,0.6891053275852893,0.7121847732362946,0.2878152267637054
319,5.3,0.7088259325340581,0.7653627385978993,0.7370943355659787,0.2629056644340213
320,5.317,0.7653958395689913,0.8793461441815561,0.8223709918752737,0.17762900812472626
321,5.333,0.8122488956405285,0.8479533745317845,0.8301011350861565,0.16989886491384354
322,5.35,0.7988577154308617,0.819888574100934,0.8093731447658978,0.19062685523410217
323,5.367,0.7931522068477932,0.8050183944910857,0.7990853006694394,0.2009146993305606
324,5.383,0.7919617922046384,0.8191301732270546,0.8055459827158464,0.19445401728415357
325,5.4,0.7896470207908189,0.8202863569038346,0.8049666888473268,0.1950333111526732
326,5.417,0.7816742770167427,0.8115496956296235,0.7966119863231831,0.20338801367681691
327,5.433,0.7786863624373517,0.8114535042268884,0.7950699333321201,0.20493006666787994
328,5.45,0.7759448652775824,0.8140141936536422,0.7949795294656123,0.20502047053438766
329,5.467,0.8044276593081,0.8051374916163648,0.8047825754622324,0.19521742453776758
330,5.483,0.7832089026623468,0.811515708149869,0.7973623054061079,0.20263769459389214
331,5.5,0.7888805864652544,0.8079947311119773,0.7984376587886158,0.20156234121138417
332,5.517,0.7884526744022926,0.807139799903697,0.7977962371529947,0.20220376284700525
333,5.533,0.783052740764382,0.8029298360305792,0.7929912883974806,0.20700871160251944
334,5.55,0.7786633722552107,0.7917710196779965,0.7852171959666036,0.21478280403339645
335,5.567,0.7783599633422321,0.7940457470565694,0.7862028551994007,0.2137971448005993
336,5.583,0.7725722669415916,0.7892511361391029,0.7809117015403473,0.21908829845965272
337,5.6,0.773477294628985,0.7880484174756003,0.7807628560522926,0.21923714394770744
338,5.617,0.7640204362350167,0.7859654647562063,0.7749929504956115,0.22500704950438855
339,5.633,0.7738808322824716,0.7859204828762629,0.7799006575793672,0.22009934242063278
340,5.65,0.7746675036290165,0.7870749908035104,0.7808712472162634,0.21912875278373656
341,5.667,0.7788320166238655,0.7900749261291684,0.784453471376517,0.215546528623483
342,5.683,0.7843944508399836,0.7941238834848525,0.7892591671624181,0.21074083283758194
343,5.7,0.7824725221281976,0.7963937583264084,0.7894331402273029,0.21056685977269707
344,5.717,0.7728425405742821,0.7926541066501195,0.7827483236122008,0.2172516763877992
345,5.733,0.7726944189408295,0.7939989448694276,0.7833466819051285,0.21665331809487154
346,5.75,0.7718492159699684,0.7952468007312614,0.7835480083506149,0.2164519916493851
347,5.767,0.7680704694716739,0.7992247238742566,0.7836475966729652,0.21635240332703476
348,5.783,0.7799731365945767,0.7943635882508601,0.7871683624227184,0.21283163757728163
349,5.8,0.77824666485162,0.8058452890007859,0.7920459769262029,0.20795402307379707
350,5.817,0.7863556509857506,0.8113132067420525,0.7988344288639015,0.20116557113609845
351,5.833,0.7800473308504035,0.8108291708291708,0.7954382508397871,0.20456174916021286
352,5.85,0.7769235215908434,0.7999522717329338,0.7884378966618886,0.21156210333811143
353,5.867,0.7733550274081391,0.7987392108098044,0.7860471191089717,0.21395288089102826
354,5.883,0.7719311811328049,0.7913912110332402,0.7816611960830225,0.21833880391697746
355,5.9,0.7709095130303558,0.7896140779275932,0.7802617954789746,0.21973820452102544
356,5.917,0.765463023623261,0.7916639073944082,0.7785634655088346,0.2214365344911654
357,5.933,0.7665299994225327,0.7931368644630293,0.7798334319427811,0.2201665680572189
358,5.95,0.7703198029594864,0.7920897065450786,0.7812047547522825,0.21879524524771754
359,5.967,0.763229098218082,0.7899066960844254,0.7765678971512537,0.22343210284874626
360,5.983,0.7667614400430323,0.7865462670386186,0.7766538535408254,0.2233461464591746
361,6.0,0.7643211023378232,0.7873933461207752,0.7758572242292991,0.22414277577070085
362,6.017,0.7572033898305085,0.7855202660624611,0.7713618279464848,0.22863817205351522
363,6.033,0.7666093541718988,0.7899493086334562,0.7782793314026775,0.22172066859732253
364,6.05,0.7695190264632026,0.785773080905977,0.7776460536845897,0.22235394631541028
365,6.067,0.7751721211887451,0.7821787393176461,0.7786754302531956,0.22132456974680437
366,6.083,0.7704646963793595,0.7597543814762696,0.7651095389278146,0.23489046107218536
367,6.1,0.7676686230756249,0.7361049574164328,0.7518867902460289,0.2481132097539711
368,6.117,0.7657614325884268,0.7236557606861976,0.7447085966373121,0.25529140336268785
369,6.133,0.7018377471874782,0.5964176626472686,0.6491277049173734,0.35087229508262663
370,6.15,0.7432359440216056,0.45011167044809985,0.5966738072348527,0.40332619276514725
371,6.167,0.6882491237685884,0.4942491400777886,0.5912491319231885,0.4087508680768115
372,6.183,0.6902574540653538,0.4645918836262221,0.5774246688457879,0.4225753311542121
373,6.2,0.717843904297247,0.5078800027649133,0.6128619535310802,0.3871380464689198
374,6.217,0.7002343336608965,0.555421010143554,0.6278276719022253,0.3721723280977747
375,6.233,0.71988821611551,0.5397056344650762,0.6297969252902931,0.3702030747097069
376,6.25,0.7092983756407881,0.514954161952193,0.6121262687964906,0.38787373120350943
377,6.267,0.7138932679850781,0.5011756712054429,0.6075344695952605,0.3924655304047395
378,6.283,0.733612947486591,0.4665509472336919,0.6000819473601414,0.3999180526398586
379,6.3,0.7182370408332454,0.4728470956865283,0.5955420682598869,0.40445793174011313
380,6.317,0.7163072025467568,0.4653480123612867,0.5908276074540217,0.40917239254597826
381,6.333,0.712225167628255,0.4558228248738152,0.5840239962510352,0.4159760037489648
382,6.35,0.6824790203665664,0.46483094419884163,0.573654982282704,0.42634501771729605
383,6.367,0.7056754413232335,0.4362601482527356,0.5709677947879845,0.42903220521201546
384,6.383,0.6845211002015735,0.4628579442365171,0.5736895222190453,0.42631047778095466
385,6.4,0.6805695851933917,0.46318741510012706,0.5718785001467594,0.42812149985324055
386,6.417,0.6687183141936215,0.46186507588384945,0.5652916950387354,0.43470830496126456
387,6.433,0.6524139494220121,0.4598314213766088,0.5561226853993104,0.4438773146006896
388,6.45,0.6529764426053241,0.448796377901049,0.5508864102531865,0.4491135897468135
389,6.467,0.6206621654600178,0.42758797842281016,0.524125071941414,0.475874928058586
390,6.483,0.6595847106774929,0.43455181668393605,0.5470682636807145,0.4529317363192855
391,6.5,0.6512879112507737,0.4344516657883951,0.5428697885195843,0.45713021148041566
392,6.517,0.6702016550172732,0.441934654886705,0.5560681549519891,0.44393184504801086
393,6.533,0.6830259202080117,0.44250948475775,0.5627677024828808,0.43723229751711923
394,6.55,0.7034264235345283,0.33051095841339106,0.5169686909739597,0.4830313090260403
395,6.567,0.6994550245538388,0.29728085509445007,0.4983679398241444,0.5016320601758556
396,6.583,0.6996617878593504,0.2775752645675213,0.4886185262134358,0.5113814737865642
397,6.6,0.7146206245760962,0.24180476319840624,0.47821269388725124,0.5217873061127487
398,6.617,0.7252701080432172,0.20516326683105432,0.4652166874371358,0.5347833125628643
399,6.633,0.7284501126194679,0.19778123931461572,0.46311567596704184,0.5368843240329582
400,6.65,0.7306778095713918,0.22602240979611246,0.47835010968375213,0.5216498903162479
401,6.667,0.732997912707561,0.162291648957955,0.447644780832758,0.5523552191672421
402,6.683,0.752602439739062,0.20509968536449724,0.47885106255177967,0.5211489374482203
403,6.7,0.7485799792341049,0.2032190872940731,0.475899533264089,0.524100466735911
404,6.717,0.7295511007640506,0.16398268661712018,0.4467668936905854,0.5532331063094146
405,6.733,0.7418639515272659,0.15326295658245237,0.44756345405485914,0.5524365459451408
406,6.75,0.7388730950272638,0.14959696001329617,0.44423502752028,0.55576497247972
407,6.767,0.738516811690871,0.20267963880513973,0.4705982252480054,0.5294017747519946
408,6.783,0.7187719888640745,0.1637707449440055,0.44127136690404,0.55872863309596
409,6.8,0.733136709557138,0.16057731277863674,0.4468570111678874,0.5531429888321127
410,6.817,0.7476758409785933,0.18024834181706,0.4639620913978266,0.5360379086021734
411,6.833,0.742448954935363,0.1789703182374541,0.46070963658640857,0.5392903634135915
412,6.85,0.7495182749655911,0.17068851855826575,0.4601033967619284,0.5398966032380716
413,6.867,0.7540650406504065,0.16085850458982728,0.4574617726201169,0.5425382273798831
414,6.883,0.7460444376105174,0.13184948597664436,0.4389469617935809,0.5610530382064192
415,6.9,0.7318897095930633,0.15026607108176346,0.4410778903374134,0.5589221096625866
416,6.917,0.7365127919911012,0.12888161601815473,0.43269720400462797,0.567302795995372
417,6.933,0.7306113631453878,0.1554990594180198,0.4430552112817038,0.5569447887182962
418,6.95,0.7484001242621933,0.1437616184557468,0.44608087135897,0.55391912864103
419,6.967,0.7400497320339167,0.16780913450200455,0.4539294332679606,0.5460705667320394
420,6.983,0.7501165718548913,0.16432162732680866,0.45721909959085,0.54278090040915
421,7.0,0.744452245047465,0.16880455944231615,0.45662840224489054,0.5433715977551095
422,7.017,0.7404621337073976,0.14716116639375237,0.443811650050575,0.556188349949425
423,7.033,0.7437685121895649,0.1696104221470625,0.4566894671683137,0.5433105328316863
424,7.05,0.7478091227200941,0.14795707800247626,0.4478831003612852,0.5521168996387148
425,7.067,0.7546158427635498,0.18541661827220143,0.4700162305178756,0.5299837694821243
426,7.083,0.7516718817105343,0.16838080793718502,0.4600263448238597,0.5399736551761403
427,7.1,0.747870502056858,0.17355538498515263,0.46071294352100534,0.5392870564789947
428,7.117,0.7450559558485359,0.16108187434414523,0.45306891509634056,0.5469310849036595
429,7.133,0.7434180138568129,0.1627901466627704,0.45310408025979165,0.5468959197402083
430,7.15,0.744309125516473,0.16574178306987364,0.4550254542931733,0.5449745457068267
431,7.167,0.7437122620492571,0.1683287143409843,0.4560204881951207,0.5439795118048794
432,7.183,0.739813353356728,0.16627339940223376,0.4530433763794809,0.5469566236205191
433,7.2,0.7353969198833891,0.16812777900413106,0.45176234944376004,0.54823765055624
434,7.217,0.7440513582668117,0.16154003815409843,0.45279569821045507,0.5472043017895449
435,7.233,0.735951817464652,0.18303286880021405,0.45949234313243303,0.540507656867567
436,7.25,0.7261511515356369,0.14884852133820278,0.43749983643691986,0.5625001635630802
437,7.267,0.7421179302045728,0.1965740828815118,0.4693460065430423,0.5306539934569576
438,7.283,0.7408388454145035,0.18297795785554496,0.4619084016350242,0.5380915983649758
439,7.3,0.7259817484217124,0.14924044249739984,0.4376110954595561,0.5623889045404439
440,7.317,0.7383888822043075,0.18044323821095234,0.45941606020762993,0.5405839397923701
441,7.333,0.7184819182151626,0.14619413902128262,0.4323380286182226,0.5676619713817774
442,7.35,0.7347966410662523,0.18849719366841142,0.4616469173673319,0.5383530826326681
443,7.367,0.7029760097175828,0.15297129130075218,0.42797365050916747,0.5720263494908325
444,7.383,0.7273091238007681,0.18391291058286896,0.4556110171918185,0.5443889828081815
445,7.4,0.7220011965300628,0.17925239685446515,0.45062679669226396,0.5493732033077361
446,7.417,0.7200822236124765,0.1832656956848991,0.45167395964868784,0.5483260403513122
447,7.433,0.7219006915383017,0.14704527892473288,0.4344729852315173,0.5655270147684828
448,7.45,0.7178228733487135,0.18477980237370617,0.45130133786120985,0.5486986621387901
449,7.467,0.7175607655644479,0.16824579659346076,0.4429032810789543,0.5570967189210456
450,7.483,0.7183906329340781,0.16272232952474033,0.4405564812294092,0.5594435187705908
451,7.5,0.7274722718881281,0.20815998487140697,0.46781612837976755,0.5321838716202325
452,7.517,0.7079869273550828,0.25733313320114076,0.4826600302781118,0.5173399697218882
453,7.533,0.7283056488146725,0.1821404916819262,0.45522307024829933,0.5447769297517007
454,7.55,0.7157121492038356,0.16652401257430982,0.44111808088907273,0.5588819191109273
455,7.567,0.710193419623727,0.16618242475977163,0.4381879221917493,0.5618120778082507
456,7.583,0.7240743990173715,0.15699801887891854,0.440536208948145,0.559463791051855
457,7.6,0.7079546813344494,0.16860211025785105,0.43827839579615024,0.5617216042038498
458,7.617,0.7120653204053364,0.15073630924988496,0.4314008148276107,0.5685991851723893
459,7.633,0.7077307466196355,0.189822738149631,0.4487767423846333,0.5512232576153667
460,7.65,0.7219567459222356,0.18352910686109353,0.4527429263916646,0.5472570736083354
461,7.667,0.7203751065643649,0.1864575997028071,0.45341635313358597,0.546583646866414
462,7.683,0.7293884336084459,0.15097442899702085,0.44018143130273335,0.5598185686972666
463,7.7,0.7220257070905571,0.18300914615047298,0.4525174266205151,0.5474825733794849
464,7.717,0.7252215493421523,0.18019455492862207,0.45270805213538723,0.5472919478646128
465,7.733,0.7329482751207487,0.21033218964441672,0.4716402323825827,0.5283597676174173
466,7.75,0.7315742347081537,0.23410442624345498,0.48283933047580435,0.5171606695241957
467,7.767,0.7375849889008335,0.22220935797094737,0.47989717343589045,0.5201028265641096
468,7.783,0.7414312055968328,0.24287176822932582,0.4921514869130793,0.5078485130869207
469,7.8,0.7449928178442692,0.2657767271547429,0.505384772499506,0.494615227500494
470,7.817,0.7439936399283145,0.24537557877013738,0.4946846093492259,0.5053153906507741
471,7.833,0.7533626933382856,0.29518392349282746,0.5242733084155565,0.4757266915844435
472,7.85,0.7646210543182183,0.3385270341125189,0.5515740442153686,0.4484259557846314
473,7.867,0.7270210340378086,0.5190532921672596,0.6230371631025341,0.3769628368974659
474,7.883,0.7560072267389341,0.5616349920850394,0.6588211094119867,0.3411788905880133
475,7.9,0.7736852072286549,0.6014317988999361,0.6875585030642954,0.31244149693570455
476,7.917,0.7985141893463596,0.689585122201512,0.7440496557739358,0.2559503442260642
477,7.933,0.7704986625622021,0.7423572003218021,0.7564279314420022,0.24357206855799785
478,7.95,0.7252062584484392,0.873543965528264,0.7993751119883516,0.20062488801164835
479,7.967,0.7813006727617733,0.8868869546383659,0.8340938137000695,0.16590618629993048
480,7.983,0.7972936253464485,0.8591864850196907,0.8282400551830696,0.17175994481693035
481,8.0,0.7900189372841706,0.8365922954792345,0.8133056163817025,0.1866943836182975
482,8.017,0.7701061221434052,0.8334613196814562,0.8017837209124308,0.19821627908756922
483,8.033,0.7729632094305542,0.830136323533597,0.8015497664820757,0.19845023351792435
484,8.05,0.7573136027319294,0.8225408374349098,0.7899272200834195,0.21007277991658047
485,8.067,0.7658714342652166,0.8157054692487763,0.7907884517569965,0.20921154824300348
486,8.083,0.7701513484808254,0.8149180652647666,0.792534706872796,0.20746529312720396
487,8.1,0.772301803850235,0.8128508165740558,0.7925763102121454,0.20742368978785464
488,8.117,0.7779750996580453,0.8013096168881939,0.7896423582731196,0.21035764172688043
489,8.133,0.7782274001995069,0.8030764100212597,0.7906519051103833,0.2093480948896167
490,8.15,0.7736067966615517,0.7970534885974994,0.7853301426295256,0.2146698573704744
491,8.167,0.7652100996925371,0.7971459812592562,0.7811780404758966,0.21882195952410344
492,8.183,0.7731756895362065,0.8055009823182712,0.7893383359272388,0.2106616640727612
493,8.2,0.7767219577506694,0.7970172273710013,0.7868695925608353,0.21313040743916467
494,8.217,0.7757137560252132,0.8115271699994461,0.7936204630123296,0.20637953698767042
495,8.233,0.7662495847635921,0.8152240552892654,0.7907368200264288,0.20926317997357125
496,8.25,0.7708306372594331,0.8040710371255512,0.7874508371924922,0.2125491628075078
497,8.267,0.7742060418280403,0.8086509860085932,0.7914285139183168,0.2085714860816832
498,8.283,0.7775281726449141,0.8087372370102653,0.7931327048275898,0.2068672951724102
499,8.3,0.7832486840890203,0.8050715340148724,0.7941601090519463,0.20583989094805366
500,8.317,0.7905889742831806,0.8094500281087603,0.8000195011959705,0.19998049880402946
501,8.333,0.7830106852197022,0.8181540935429316,0.8005823893813169,0.19941761061868313
502,8.35,0.7938896152925361,0.8173890209519598,0.8056393181222479,0.19436068187775213
503,8.367,0.8026286519353404,0.8210728180789714,0.8118507350071559,0.18814926499284412
504,8.383,0.7960824170747482,0.8147554351581828,0.8054189261164655,0.19458107388353452
505,8.4,0.7934070812830664,0.8095746302790059,0.8014908557810361,0.19850914421896393
506,8.417,0.7887001720414364,0.8062094801011874,0.7974548260713119,0.2025451739286881
507,8.433,0.7902237345187787,0.7981749718275019,0.7941993531731403,0.20580064682685972
508,8.45,0.7847935089798523,0.7927530674846626,0.7887732882322575,0.21122671176774255
509,8.467,0.7802667052671576,0.7874641148325359,0.7838654100498468,0.21613458995015322
510,8.483,0.7861166275500993,0.7934369555375688,0.7897767915438341,0.21022320845616593
511,8.5,0.7803139921863695,0.7657924001193415,0.7730531961528555,0.2269468038471445
512,8.517,0.7684210526315789,0.7567680021475068,0.7625945273895429,0.23740547261045708
513,8.533,0.7433365022358368,0.7165495491958807,0.7299430257158588,0.2700569742841412
514,8.55,0.7020819130525985,0.6819649388321352,0.6920234259423668,0.30797657405763323
515,8.567,0.6880653376657592,0.6532260986124696,0.6706457181391143,0.32935428186088567
516,8.583,0.6947453488771966,0.5931570727600988,0.6439512108186477,0.3560487891813523
517,8.6,0.6874439030644954,0.20545898034904495,0.4464514417067702,0.5535485582932298
518,8.617,0.7384520451339915,0.2339978591376993,0.48622495213584543,0.5137750478641545
519,8.633,0.7267120403200609,0.2172283493594667,0.47197019483976377,0.5280298051602362
520,8.65,0.7433483475619337,0.24391550358355338,0.49363192557274355,0.5063680744272565
521,8.667,0.7372976275328378,0.2634488640189118,0.5003732457758748,0.49962675422412517
522,8.683,0.72747174359542,0.2807901736702108,0.5041309586328154,0.49586904136718457
523,8.7,0.7343676130284407,0.2907576152043739,0.5125626141164072,0.48743738588359276
524,8.717,0.7162260699763944,0.2755802573728108,0.4959031636746026,0.5040968363253975
525,8.733,0.7285180735478479,0.3005348002139201,0.514526436880884,0.48547356311911605
526,8.75,0.7186199241513274,0.3181766208026832,0.5183982724770053,0.4816017275229947
527,8.767,0.7167216497644551,0.28919812725786864,0.5029598885111619,0.4970401114888381
528,8.783,0.6859055421156807,0.336230661699818,0.5110681019077493,0.4889318980922507
529,8.8,0.6741732460453486,0.27236538227786555,0.47326931416160706,0.5267306858383929
530,8.817,0.6626621199366501,0.2885560918399567,0.4756091058883034,0.5243908941116966
531,8.833,0.646602495543672,0.2793881316588298,0.4629953136012509,0.5370046863987491
532,8.85,0.6315410289209415,0.33366307095639614,0.48260204993866884,0.5173979500613312
533,8.867,0.6170857360302081,0.3361816482318118,0.4766336921310099,0.5233663078689901
534,8.883,0.6015518293568917,0.32123225703446334,0.4613920431956775,0.5386079568043225
535,8.9,0.6125158121884069,0.35196687370600416,0.48224134294720555,0.5177586570527944
536,8.917,0.6668598621194558,0.3349053145998778,0.5008825883596668,0.4991174116403332
537,8.933,0.6465889071137841,0.31276425192147495,0.47967657951762954,0.5203234204823705
538,8.95,0.6335653866307358,0.3133496209985592,0.47345750381464746,0.5265424961853525
539,8.967,0.5888206115347597,0.34288297275391233,0.46585179214433603,0.534148207855664
540,8.983,0.6009256449165402,0.32345279166373303,0.4621892182901366,0.5378107817098634
541,9.0,0.6036649053821578,0.3410261315986671,0.47234551849041245,0.5276544815095876
542,9.017,0.6793850863908023,0.3493008362713539,0.5143429613310782,0.48565703866892185
543,9.033,0.6594975134017955,0.33601077670958945,0.4977541450556925,0.5022458549443075
544,9.05,0.6343377564811402,0.2957584688024844,0.46504811264181234,0.5349518873581877
545,9.067,0.6072987335181244,0.34645138509934836,0.47687505930873636,0.5231249406912637
546,9.083,0.5994404648445907,0.32810404615103833,0.46377225549781453,0.5362277445021855
547,9.1,0.6011152416356877,0.34121540216221424,0.471165321898951,0.528834678101049
548,9.117,0.5998071359691417,0.34371777519979374,0.4717624555844677,0.5282375444155323
549,9.133,0.6716807291580668,0.3651756578490592,0.518428193503563,0.48157180649643705
550,9.15,0.6514955550825953,0.3295223404976609,0.4905089477901281,0.5094910522098719
551,9.167,0.6223390152992,0.2706559939073247,0.4464975046032623,0.5535024953967377
552,9.183,0.6086683712685689,0.3207512516868826,0.4647098114777257,0.5352901885222743
553,9.2,0.6140999490056094,0.28209007239374595,0.44809501069967766,0.5519049893003223
554,9.217,0.6110009675014672,0.3169071734698791,0.46395407048567316,0.5360459295143268
555,9.233,0.6755211495648654,0.37879429111701407,0.5271577203409398,0.4728422796590602
556,9.25,0.6482405505006034,0.32971610779674965,0.4889783291486765,0.5110216708513236
557,9.267,0.6295410939514987,0.2780550223928343,0.4537980581721665,0.5462019418278334
558,9.283,0.6135268752665414,0.3290223445803188,0.47127460992343007,0.5287253900765699
559,9.3,0.6253790492082083,0.27776193870277976,0.45157049395549403,0.5484295060445059
560,9.317,0.6217586119232236,0.3496856575132741,0.4857221347182488,0.5142778652817512
561,9.333,0.6198182536546819,0.34808933569429373,0.48395379467448785,0.5160462053255122
562,9.35,0.6667052386226505,0.37354626996280904,0.5201257542927298,0.4798742457072702
563,9.367,0.6489494808339156,0.33855844921751466,0.4937539650257151,0.5062460349742849
564,9.383,0.6297869662355644,0.31306046630796824,0.4714237162717663,0.5285762837282337
565,9.4,0.6090879239441465,0.34876873446336776,0.4789283292037571,0.5210716707962428
566,9.417,0.6354881738621205,0.30128400121675925,0.4683860875394399,0.5316139124605601
567,9.433,0.6398307130328436,0.353695666256397,0.4967631896446203,0.5032368103553797
568,9.45,0.6220032892656082,0.3422242932088599,0.4821137912372341,0.5178862087627659
569,9.467,0.6242912658469771,0.3470446379438708,0.485667951895424,0.514332048104576
570,9.483,0.6196473951715374,0.336658093554091,0.4781527443628142,0.5218472556371858
571,9.5,0.6181697634179077,0.33594365602229065,0.47705670972009917,0.5229432902799008
572,9.517,0.6060515089271606,0.33995874893246747,0.47300512892981406,0.5269948710701859
573,9.533,0.6088501809099933,0.35197470546904364,0.4804124431895185,0.5195875568104815
574,9.55,0.6547507210548001,0.35462638021056236,0.5046885506326813,0.49531144936731875
575,9.567,0.6067496335111194,0.3176081420899406,0.46217888780053,0.53782111219947
576,9.583,0.6150552864109704,0.3045935661294449,0.45982442627020764,0.5401755737297924
577,9.6,0.6073504055175937,0.34458632572219894,0.4759683656198963,0.5240316343801037
578,9.617,0.614377196783668,0.34370757010333586,0.4790423834435019,0.5209576165564981
579,9.633,0.6126496766344368,0.34999918570753874,0.4813244311709878,0.5186755688290122
580,9.65,0.6161262332487065,0.34625568551007146,0.481190959379389,0.518809040620611
581,9.667,0.6123138411761907,0.35543053830479854,0.4838721897404946,0.5161278102595054
582,9.683,0.608574194879609,0.3557087301393997,0.4821414625095043,0.5178585374904957
583,9.7,0.6063404221677603,0.3548379252486443,0.4805891737082023,0.5194108262917977
584,9.717,0.6001225220696805,0.3584973195473736,0.4793099208085271,0.5206900791914729
585,9.733,0.6073594375920326,0.3558795216107295,0.4816194796013811,0.5183805203986189
586,9.75,0.6048381999747188,0.3613637104396858,0.4831009552072023,0.5168990447927977
587,9.767,0.6091713852779328,0.36250399233471736,0.48583768880632505,0.514162311193675
588,9.783,0.6660092709650232,0.37656375932999264,0.5212865151475079,0.4787134848524921
589,9.8,0.6112364445412537,0.33631296581855563,0.47377470517990466,0.5262252948200954
590,9.817,0.6102448463912744,0.33183546491531285,0.4710401556532936,0.5289598443467064
591,9.833,0.6301649491324531,0.29601320385860336,0.4630890764955282,0.5369109235044718
592,9.85,0.6131314265548051,0.3434097293621431,0.4782705779584741,0.5217294220415258
593,9.867,0.6212479357575366,0.32292363624638254,0.47208578600195955,0.5279142139980404
594,9.883,0.6152612502806556,0.33623860999490635,0.475749930137781,0.524250069862219
595,9.9,0.6256021800133007,0.34380147852407267,0.48470182926868666,0.5152981707313133
596,9.917,0.6282128204712407,0.35614870058714815,0.49218076052919446,0.5078192394708055
597,9.933,0.633665451599838,0.3648421277259334,0.4992537896628857,0.5007462103371143
598,9.95,0.6460014015873792,0.3615318993862795,0.5037666504868293,0.49623334951317066
599,9.967,0.6704242604823625,0.3511112598181499,0.5107677601502562,0.48923223984974384
600,9.983,0.6735844096092544,0.3947370682617028,0.5341607389354786,0.46583926106452145
601,10.0,0.6849730014487028,0.41249482829954487,0.5487339148741238,0.4512660851258762
602,10.017,0.7059998335691104,0.5136733535200606,0.6098365935445855,0.3901634064554145
603,10.033,0.7205294952629321,0.5913528448628735,0.6559411700629028,0.34405882993709724
604,10.05,0.7318207394168074,0.7012087959192421,0.7165147676680248,0.2834852323319752
605,10.067,0.7444576438502852,0.812902774702544,0.7786802092764147,0.22131979072358532
606,10.083,0.7414808362369338,0.8697615188701088,0.8056211775535214,0.19437882244647864
607,10.1,0.7830750004663048,0.8494300189993667,0.8162525097328357,0.1837474902671643
608,10.117,0.7905178591634293,0.8444146079484426,0.817466233555936,0.18253376644406405
609,10.133,0.7872878433776483,0.8481203007518797,0.817704072064764,0.18229592793523597
610,10.15,0.7774742592981719,0.8462003988721546,0.8118373290851633,0.18816267091483674
611,10.167,0.7630720512771599,0.8327522290974739,0.7979121401873169,0.20208785981268307
612,10.183,0.753823882359664,0.8259471298465463,0.7898855061031052,0.21011449389689485
613,10.2,0.7516773464003016,0.7940472629374813,0.7728623046688914,0.2271376953311086
614,10.217,0.741305890702626,0.7925089423986186,0.7669074165506222,0.23309258344937778
615,10.233,0.7371464464519943,0.7734068092536011,0.7552766278527977,0.2447233721472023
616,10.25,0.7273748572691443,0.7660821888062538,0.746728523037699,0.253271476962301
617,10.267,0.7310817767318724,0.7459958849396862,0.7385388308357792,0.2614611691642208
618,10.283,0.7425650726667515,0.7344944492454962,0.7385297609561239,0.2614702390438761
619,10.3,0.7399899810355316,0.7311800712123435,0.7355850261239376,0.2644149738760624
620,10.317,0.7547429150163674,0.7273210536108232,0.7410319843135953,0.2589680156864047
621,10.333,0.7575680856450504,0.7290024065628697,0.7432852461039601,0.2567147538960399
622,10.35,0.7541557462391842,0.72848,0.7413178731195922,0.2586821268804078
623,10.367,0.7525030394049917,0.7307251705029838,0.7416141049539877,0.2583858950460123
624,10.383,0.7581159859519013,0.7318347865504093,0.7449753862511553,0.25502461374884466
625,10.4,0.7592100333612831,0.7370396182919637,0.7481248258266234,0.25187517417337657
626,10.417,0.7690413241099562,0.7365837435147,0.7528125338123282,0.24718746618767184
627,10.433,0.7691833478387003,0.7450266632637984,0.7571050055512494,0.24289499444875062
628,10.45,0.7480257251223043,0.7557185547405596,0.7518721399314319,0.24812786006856813
629,10.467,0.7346225621135059,0.7585503224226594,0.7465864422680826,0.2534135577319174
630,10.483,0.7411534737572846,0.7657918576879787,0.7534726657226316,0.2465273342773684
631,10.5,0.7435071981480141,0.7683630532216724,0.7559351256848432,0.24406487431515678
632,10.517,0.7725094486337909,0.76203889280104,0.7672741707174154,0.23272582928258456
633,10.533,0.7783736773445427,0.7596839753425395,0.7690288263435411,0.23097117365645892
634,10.55,0.7812437657556358,0.7672410303463724,0.774242398051004,0.22575760194899597
635,10.567,0.7852808379989163,0.7615393950835367,0.7734101165412266,0.2265898834587734
636,10.583,0.788520675807677,0.7602561348869677,0.7743884053473225,0.22561159465267755
637,10.6,0.7889766050250532,0.7557709630147484,0.7723737840199008,0.22762621598009924
638,10.617,0.7859217433658651,0.7584057271557272,0.7721637352607962,0.22783626473920382
639,10.633,0.7865680548272184,0.7590904186447993,0.7728292367360088,0.22717076326399122
640,10.65,0.7908438871926433,0.7575785990810572,0.7742112431368502,0.2257887568631498
641,10.667,0.7944045780724861,0.757598003230069,0.7760012906512775,0.22399870934872246
642,10.683,0.799796285854599,0.7728982003760408,0.78634724311532,0.21365275688468
643,10.7,0.7948411404557476,0.7754286485756716,0.7851348945157096,0.2148651054842904
644,10.717,0.7964328309660631,0.7665406808613663,0.7814867559137146,0.21851324408628536
645,10.733,0.791979587035596,0.7741726851352808,0.7830761360854384,0.21692386391456164
646,10.75,0.7950344229413997,0.7671162872012802,0.78107535507134,0.21892464492866004
647,10.767,0.79253299584162,0.7693465176268272,0.7809397567342236,0.21906024326577644
648,10.783,0.7967148014440433,0.7665249064248246,0.7816198539344339,0.2183801460655661
649,10.8,0.8054411150837584,0.7701059871310936,0.787773551107426,0.21222644889257403
650,10.817,0.800303199841181,0.7744865505902647,0.7873948752157229,0.21260512478427707
651,10.833,0.7998521163591769,0.7725613288248845,0.7862067225920306,0.21379327740796938
652,10.85,0.7959425281170963,0.7656966193964648,0.7808195737567806,0.21918042624321943
653,10.867,0.7943421803652968,0.7695092518101367,0.7819257160877168,0.21807428391228323
654,10.883,0.7925057716213816,0.7725557369590237,0.7825307542902027,0.2174692457097973
655,10.9,0.7869259123386265,0.7859038433041908,0.7864148778214086,0.21358512217859138
656,10.917,0.7631024070981564,0.8150175934354069,0.7890600002667816,0.21093999973321842
657,10.933,0.7358045713537232,0.8237573579694015,0.7797809646615623,0.22021903533843767
658,10.95,0.7009492417159248,0.818760957721597,0.7598550997187609,0.24014490028123914
659,10.967,0.6565817809436321,0.8245315161839863,0.7405566485638092,0.2594433514361908
660,10.983,0.5485744382995827,0.8203855025999922,0.6844799704497875,0.3155200295502125
661,11.0,0.49194747105589726,0.7791989144637652,0.6355731927598313,0.36442680724016874
662,11.017,0.4894906494751985,0.7847533079304009,0.6371219787027997,0.36287802129720026
663,11.033,0.46364973472711035,0.7825650681961771,0.6231074014616438,0.3768925985383562
664,11.05,0.4404092071611253,0.7726537116878945,0.6065314594245099,0.3934685405754901
665,11.067,0.42656763574285933,0.7829245131772047,0.604746074460032,0.39525392553996797
666,11.083,0.3873934442865841,0.7528069363598724,0.5701001903232282,0.42989980967677177
667,11.1,0.37561433404954186,0.7723991715584749,0.5740067528040084,0.42599324719599163
668,11.117,0.3528719739969922,0.7647723956813539,0.558822184839173,0.441177815160827
669,11.133,0.3339928294782786,0.7652308220353526,0.5496118257568157,0.45038817424318434
670,11.15,0.3215953704481877,0.7679421705770607,0.5447687705126242,0.4552312294873758
671,11.167,0.30246554772457557,0.7444906291504747,0.5234780884375252,0.4765219115624748
672,11.183,0.29289602877557963,0.734254313255971,0.5135751710157753,0.4864248289842247
673,11.2,0.28127045702509396,0.7256338167110585,0.5034521368680762,0.4965478631319238
674,11.217,0.28622482902735563,0.766680413401817,0.5264526212145864,0.47354737878541364
675,11.233,0.2776605295990112,0.7753959305007432,0.5265282300498773,0.47347176995012275
676,11.25,0.2697211713605156,0.7745648476167334,0.5221430094886245,0.47785699051137553
677,11.267,0.27565907642389476,0.7780794113916022,0.5268692439077485,0.4731307560922515
678,11.283,0.2719355439642325,0.7774662827701166,0.5247009133671745,0.4752990866328255
679,11.3,0.27169467900054145,0.7802584005461303,0.5259765397733358,0.4740234602266642
680,11.317,0.2722022409738553,0.7839318090249798,0.5280670249994176,0.4719329750005824
681,11.333,0.2735547270551413,0.7767977182203124,0.5251762226377268,0.4748237773622732
682,11.35,0.27785857746381326,0.7719180047660041,0.5248882911149086,0.47511170888509136
683,11.367,0.2771181929690574,0.7721448191004114,0.5246315060347344,0.4753684939652656
684,11.383,0.27443355929055624,0.763023708794958,0.518728634042757,0.48127136595724296
685,11.4,0.2647805585781647,0.7497707027176439,0.5072756306479043,0.49272436935209574
686,11.417,0.26359920100339107,0.777111037656691,0.5203551193300411,0.4796448806699589
687,11.433,0.272193842330526,0.7836686813046694,0.5279312618175978,0.47206873818240225
688,11.45,0.2781629116117851,0.7854951851758731,0.531829048393829,0.46817095160617095
689,11.467,0.26981481481481484,0.7691671159367595,0.5194909653757871,0.4805090346242129
690,11.483,0.27034866651791484,0.7492111794270606,0.5097799229724878,0.49022007702751225
691,11.5,0.2625832255308038,0.738433274177019,0.5005082498539114,0.4994917501460886
692,11.517,0.2657439446366782,0.7695962297796459,0.5176700872081621,0.4823299127918379
693,11.533,0.2705814289846688,0.7631866956838967,0.5168840623342827,0.48311593766571725
694,11.55,0.27254257752185473,0.758179000774787,0.5153607891483208,0.48463921085167916
695,11.567,0.2639861986409886,0.739529040042792,0.5017576193418902,0.4982423806581098
696,11.583,0.26849862370936456,0.7466811263602707,0.5075898750348177,0.4924101249651823
697,11.6,0.26618829728230725,0.7648141610772101,0.5155012291797587,0.4844987708202413
698,11.617,0.2744674495024933,0.7710924119442997,0.5227799307233965,0.47722006927660354
699,11.633,0.27096722086972574,0.7665272589632535,0.5187472399164896,0.48125276008351037
700,11.65,0.26723059096176127,0.7596492542906393,0.5134399226262003,0.4865600773737997
701,11.667,0.2701600323531111,0.7671972283591083,0.5186786303561097,0.4813213696438903
702,11.683,0.27663475485929795,0.7690789391497708,0.5228568470045344,0.4771431529954656
703,11.7,0.26611583674700895,0.7605387750968428,0.5133273059219259,0.4866726940780741
704,11.717,0.2538396864305422,0.7356489808153477,0.49474433362294495,0.5052556663770551
705,11.733,0.26964894124213634,0.7639409355999504,0.5167949384210433,0.4832050615789567
706,11.75,0.27491894395553496,0.7705637967387372,0.5227413703471361,0.4772586296528639
707,11.767,0.27054739221701923,0.7696698995019008,0.52010864585946,0.47989135414053996
708,11.783,0.2687306001407752,0.7638340292668246,0.5162823147037999,0.4837176852962001
709,11.8,0.27737850391699215,0.7723473632922304,0.5248629336046113,0.47513706639538866
710,11.817,0.27634033579365724,0.7612254762229356,0.5187829060082965,0.48121709399170354
711,11.833,0.2735714534135568,0.7575520930174904,0.5155617732155235,0.48443822678447646
712,11.85,0.2742528682457439,0.7522490923635469,0.5132509803046454,0.48674901969535456
713,11.867,0.27340998670615946,0.7388742727980139,0.5061421297520867,0.4938578702479133
714,11.883,0.27531298950616556,0.7362625125279947,0.5057877510170801,0.49421224898291993
715,11.9,0.2715401043307776,0.7476119533783192,0.5095760288545483,0.49042397114545166
716,11.917,0.270970208919943,0.7576976906927921,0.5143339498063676,0.4856660501936324
717,11.933,0.27000384073742156,0.7543973050579885,0.512200572897705,0.48779942710229496
718,11.95,0.27400364950778133,0.765392504195413,0.5196980768515972,0.4803019231484028
719,11.967,0.27369329956251437,0.7618074166406981,0.5177503581016062,0.4822496418983938
720,11.983,0.2759803808690446,0.7631241048940688,0.5195522428815567,0.48044775711844334
721,12.0,0.27328160293997167,0.7401455204684093,0.5067135617041905,0.49328643829580954
722,12.017,0.2673622277009564,0.7173470888061164,0.4923546582535364,0.5076453417464636
723,12.033,0.26718525809014476,0.7269245499808502,0.49705490403549746,0.5029450959645025
724,12.05,0.2695741238637289,0.7470191549789182,0.5082966394213235,0.4917033605786765
725,12.067,0.26612846939487705,0.7462102627970462,0.5061693660959616,0.49383063390403836
726,12.083,0.2605545574886536,0.7264051162218669,0.4934798368552602,0.5065201631447398
727,12.1,0.2672413793103448,0.7354492799960649,0.5013453296532049,0.4986546703467951
728,12.117,0.27056482402758175,0.7602139170449599,0.5153893705362709,0.4846106294637291
729,12.133,0.27159658856435415,0.7627623120982466,0.5171794503313004,0.4828205496686996
730,12.15,0.27025500973715444,0.7530049784432173,0.5116299940901858,0.48837000590981416
731,12.167,0.2737785053840301,0.754639785078747,0.5142091452313885,0.4857908547686115
732,12.183,0.272253319523804,0.7385827159885119,0.5054180177561579,0.4945819822438421
733,12.2,0.2718938166159961,0.721234878970608,0.49656434779330205,0.503435652206698
734,12.217,0.27344398825607374,0.7482951943664063,0.51086959131124,0.48913040868876
735,12.233,0.2717476328908503,0.7524854647504468,0.5121165488206485,0.4878834511793515
736,12.25,0.2653687801435125,0.7415564241330928,0.5034626021383026,0.49653739786169737
737,12.267,0.27746242169963214,0.7490748522899758,0.513268636994804,0.48673136300519604
738,12.283,0.30190883362437526,0.737286572998488,0.5195977033114316,0.4804022966885684
739,12.3,0.36481982100207344,0.6820390945279544,0.5234294577650139,0.47657054223498607
740,12.317,0.43997141495950454,0.6821909047303625,0.5610811598449335,0.43891884015506655
741,12.333,0.43329470051071745,0.7311927134374819,0.5822437069740997,0.41775629302590034
742,12.35,0.4452214149238988,0.7917009038619556,0.6184611593929272,0.38153884060707277
743,12.367,0.6098560154226158,0.8383959516624276,0.7241259835425218,0.2758740164574782
744,12.383,0.7041688936397649,0.8077848152008338,0.7559768544202994,0.24402314557970062
745,12.4,0.7385034252590901,0.8124333634052325,0.7754683943321613,0.2245316056678387
746,12.417,0.762285294387802,0.8294888125830748,0.7958870534854384,0.20411294651456158
747,12.433,0.7600161654756875,0.8273595263574833,0.7936878459165855,0.20631215408341452
748,12.45,0.7766510956667046,0.8296270428830842,0.8031390692748944,0.19686093072510558
749,12.467,0.77058039961941,0.8431889957189979,0.8068846976692039,0.1931153023307961
750,12.483,0.7530633789541153,0.8290052663193038,0.7910343226367096,0.20896567736329041
751,12.5,0.757917277132875,0.8226280611254403,0.7902726691291577,0.20972733087084228
752,12.517,0.7543201026260187,0.8191890064708398,0.7867545545484292,0.21324544545157076
753,12.533,0.7579511974012239,0.8218078110506569,0.7898795042259403,0.21012049577405967
754,12.55,0.7589407485982724,0.8197121013843929,0.7893264249913327,0.21067357500866735
755,12.567,0.7562644090857553,0.8158188047830693,0.7860416069344123,0.21395839306558773
756,12.583,0.7588998891623302,0.8258910056128514,0.7923954473875908,0.20760455261240918
757,12.6,0.7578413197760425,0.8229820115491671,0.7904116656626048,0.2095883343373952
758,12.617,0.7656636902528701,0.8321623948238038,0.798913042538337,0.20108695746166305
759,12.633,0.7789921767142199,0.8306530146629197,0.8048225956885698,0.19517740431143016
760,12.65,0.754769001490313,0.8246413877460247,0.7897051946181688,0.2102948053818312
761,12.667,0.7565107081561078,0.8272393733521197,0.7918750407541137,0.20812495924588625
762,12.683,0.7714805963354956,0.8213175713175713,0.7963990838265335,0.20360091617346654
763,12.7,0.7768418263042326,0.8117826448572221,0.7943122355807273,0.20568776441927272
764,12.717,0.7629751091622603,0.8198971316077692,0.7914361203850148,0.20856387961498524
765,12.733,0.7772942218203056,0.8209116919914442,0.799102956905875,0.20089704309412504
766,12.75,0.790936200117761,0.8282551176716335,0.8095956588946973,0.1904043411053027
767,12.767,0.7722788707982224,0.840981557175565,0.8066302139868937,0.19336978601310628
768,12.783,0.7818508026440038,0.8347585548394344,0.8083046787417191,0.19169532125828093
769,12.8,0.7755220962800052,0.8265642151481888,0.801043155714097,0.198956844285903
770,12.817,0.7754536431902024,0.8248480775154723,0.8001508603528373,0.19984913964716267
771,12.833,0.778404542492786,0.827923540341197,0.8031640414169915,0.1968359585830085
772,12.85,0.7673725519232905,0.8188114794240698,0.7930920156736802,0.20690798432631985
773,12.867,0.767711394058113,0.8244548483698174,0.7960831212139652,0.20391687878603482
774,12.883,0.7681747555068092,0.8132404181184669,0.7907075868126381,0.20929241318736191
775,12.9,0.7663794035986009,0.8151192711593296,0.7907493373789652,0.20925066262103476
776,12.917,0.7595762021189894,0.8029686641011545,0.781272433110072,0.218727566889928
777,12.933,0.7327101215263023,0.7926724782744693,0.7626912999003859,0.23730870009961413
778,12.95,0.6986063573686193,0.7898773213585273,0.7442418393635732,0.25575816063642676
779,12.967,0.7214179778179004,0.7750628635289935,0.748240420673447,0.251759579326553
780,12.983,0.6118822543975111,0.6532317045298716,0.6325569794636914,0.3674430205363086
781,13.0,0.6130660451549251,0.5115187628290719,0.5622924039919985,0.43770759600800146
782,13.017,0.6163691748610517,0.45074895416310556,0.5335590645120787,0.4664409354879213
783,13.033,0.5529856795460686,0.5400829891242563,0.5465343343351625,0.4534656656648375
784,13.05,0.46563298206882386,0.43273614645118147,0.44918456426000264,0.5508154357399974
785,13.067,0.4401286771635733,0.41086723549767257,0.42549795633062293,0.5745020436693771
786,13.083,0.4795812286731162,0.36447836228175456,0.42202979547743535,0.5779702045225646
787,13.1,0.490052520754169,0.3476752555059738,0.41886388813007136,0.5811361118699286
788,13.117,0.46939092789916165,0.3532978176416819,0.4113443727704218,0.5886556272295782
789,13.133,0.44089252528178025,0.36258411036179644,0.40173831782178837,0.5982616821782116
790,13.15,0.44672048315955915,0.35827316820319155,0.40249682568137535,0.5975031743186247
791,13.167,0.4232725380266364,0.3818908709498438,0.4025817044882401,0.59741829551176
792,13.183,0.45100944619373956,0.34983699036594745,0.4004232182798435,0.5995767817201565
793,13.2,0.44364894491641543,0.37426737170944213,0.4089581583129288,0.5910418416870712
794,13.217,0.4513930556656214,0.354088285131681,0.4027406703986512,0.5972593296013489
795,13.233,0.49138656641041467,0.3505144047015631,0.4209504855559889,0.5790495144440111
796,13.25,0.45671283963771975,0.3534292498952368,0.40507104476647826,0.5949289552335217
797,13.267,0.4460068244162448,0.37849841681365154,0.41225262061494816,0.5877473793850518
798,13.283,0.4874594209987993,0.3581720273613739,0.4228157241800866,0.5771842758199134
799,13.3,0.47056911298187404,0.3782874553033028,0.42442828414258843,0.5755717158574116
800,13.317,0.47707535193070366,0.36045556785319005,0.41876545989194686,0.5812345401080532
801,13.333,0.46741254970681406,0.3902465304715111,0.4288295400891626,0.5711704599108374
802,13.35,0.4585172981878089,0.38449904423142905,0.421508171209619,0.5784918287903811
803,13.367,0.44180242016357274,0.3602703154893103,0.40103636782644153,0.5989636321735585
804,13.383,0.46270299109673546,0.351000028695228,0.40685150989598173,0.5931484901040183
805,13.4,0.44529859938865823,0.3726719251417089,0.40898526226518356,0.5910147377348165
806,13.417,0.4537052410205324,0.3685522123893805,0.4111287267049565,0.5888712732950435
807,13.433,0.4652713632369838,0.38326078353779186,0.42426607338738787,0.5757339266126121
808,13.45,0.4707860073657085,0.38165678387353785,0.4262213956196232,0.5737786043803768
809,13.467,0.4584984637306853,0.3767874838159027,0.417642973773294,0.5823570262267059
810,13.483,0.4801985189500454,0.39234226807079925,0.4362703935104223,0.5637296064895777
811,13.5,0.4689936414496596,0.37587393429329125,0.42243378787147545,0.5775662121285245
812,13.517,0.46907027207477886,0.39175018996273114,0.430410231018755,0.569589768981245
813,13.533,0.45750784401613626,0.38833643704134435,0.42292214052874033,0.5770778594712597
814,13.55,0.4616859917147053,0.3886174228933685,0.4251517073040369,0.574848292695963
815,13.567,0.4644950847970587,0.37284083786423333,0.418667961330646,0.581332038669354
816,13.583,0.46863964075774844,0.41778674001201005,0.4432131903848793,0.5567868096151207
817,13.6,0.4319509514720342,0.4197859269111407,0.42586843919158746,0.5741315608084125
818,13.617,0.4621300058038305,0.40178329389181544,0.431956649847823,0.568043350152177
819,13.633,0.45872108106888654,0.37611729710466413,0.41741918908677533,0.5825808109132247
820,13.65,0.4671878779881683,0.38169933709761256,0.42444360754289046,0.5755563924571095
821,13.667,0.47224416676866243,0.3882813233139153,0.43026274504128886,0.5697372549587112
822,13.683,0.47967516405570554,0.3895380783178871,0.4346066211867963,0.5653933788132037
823,13.7,0.48882311362431524,0.3872128286556233,0.43801797113996926,0.5619820288600308
824,13.717,0.4808348050159386,0.3871967703564863,0.43401578768621246,0.5659842123137875
825,13.733,0.4769975521136346,0.389250872447778,0.4331242122807063,0.5668757877192937
826,13.75,0.46095159601719643,0.3920709973085037,0.42651129666285004,0.57348870333715
827,13.767,0.4786623819603628,0.39400888736479633,0.4363356346625796,0.5636643653374205
828,13.783,0.4805987567045939,0.3868124705797154,0.43370561364215465,0.5662943863578453
829,13.8,0.4885376809183164,0.3920112203569333,0.4402744506376248,0.5597255493623752
830,13.817,0.4827081284091925,0.3750712219890228,0.4288896751991077,0.5711103248008923
831,13.833,0.47224239223711134,0.39264810184621335,0.4324452470416623,0.5675547529583377
832,13.85,0.4600019830995847,0.3904684987416803,0.4252352409206325,0.5747647590793675
833,13.867,0.47238026331656086,0.3879913312603739,0.4301857972884674,0.5698142027115326
834,13.883,0.4774474599547486,0.40483044609475777,0.44113895302475314,0.5588610469752469
835,13.9,0.48552281789986707,0.3766259076931961,0.43107436279653155,0.5689256372034684
836,13.917,0.4809937805861494,0.40484751249838846,0.4429206465422689,0.5570793534577311
837,13.933,0.4663828570171386,0.4038280245679189,0.4351054407925288,0.5648945592074712
838,13.95,0.4793339083128773,0.40519020308252807,0.4422620556977027,0.5577379443022973
839,13.967,0.4848378951165622,0.40351130803090646,0.44417460157373434,0.5558253984262657
840,13.983,0.4982817482225953,0.38023271751440957,0.43925723286850243,0.5607427671314975
841,14.0,0.4939389546230108,0.3755452218737609,0.43474208824838584,0.5652579117516141
842,14.017,0.5005675492785575,0.37887797678181145,0.4397227630301845,0.5602772369698155
843,14.033,0.46494905828427435,0.3807415287741342,0.4228452935292043,0.5771547064707957
844,14.05,0.45741324921135645,0.3740485709517556,0.41573091008155605,0.584269089918444
845,14.067,0.4723880271871732,0.41074295619556417,0.4415654916913687,0.5584345083086313
846,14.083,0.4853521688991395,0.397009247627767,0.44118070826345324,0.5588192917365468
847,14.1,0.47853400865160967,0.40605104552785715,0.44229252708973343,0.5577074729102666
848,14.117,0.4752975037360934,0.38525566520599763,0.43027658447104555,0.5697234155289544
849,14.133,0.477878619092865,0.3754935896057733,0.42668610434931914,0.5733138956506809
850,14.15,0.48528374266942986,0.37145513049696105,0.4283694365831955,0.5716305634168045
851,14.167,0.46511499152927105,0.379996034747362,0.4225555131383165,0.5774444868616835
852,14.183,0.4826621365044469,0.375098956459158,0.4288805464818024,0.5711194535181976
853,14.2,0.5030623885523153,0.35865137335194225,0.4308568809521288,0.5691431190478712
854,14.217,0.47105106082804277,0.3808957362952347,0.42597339856163874,0.5740266014383613
855,14.233,0.46970934474609866,0.36312641575498594,0.41641788025054227,0.5835821197494577
856,14.25,0.46606803660853047,0.39286601597160603,0.4294670262900683,0.5705329737099317
857,14.267,0.43650520519659297,0.37035996715785835,0.40343258617722566,0.5965674138227743
858,14.283,0.37998676344541005,0.3953722559133529,0.3876795096793815,0.6123204903206185
859,14.3,0.3537569450568833,0.4795719610436455,0.41666445305026445,0.5833355469497356
860,14.317,0.3447177685042829,0.6224988111350916,0.4836082898196873,0.5163917101803127
861,14.333,0.4750609539445472,0.8081141771386622,0.6415875655416047,0.3584124344583953
862,14.35,0.6328160627500032,0.7014254375178303,0.6671207501339167,0.3328792498660833
863,14.367,0.6576053845484349,0.7732143846622708,0.7154098846053528,0.2845901153946472
864,14.383,0.6845290771175727,0.8724448885434786,0.7784869828305256,0.22151301716947436
865,14.4,0.7417768645838821,0.876875505571067,0.8093261850774746,0.19067381492252544
866,14.417,0.7580372557928214,0.8524092391736721,0.8052232474832468,0.1947767525167532
867,14.433,0.7575517279533803,0.8547667070055129,0.8061592174794466,0.19384078252055337
868,14.45,0.762493934983018,0.8394531935279274,0.8009735642554727,0.19902643574452727
869,14.467,0.7607410986397086,0.8332142520120249,0.7969776753258668,0.20302232467413317
870,14.483,0.7513671911454542,0.8262241156169111,0.7887956533811826,0.21120434661881737
871,14.5,0.7472413467886447,0.8234393627397855,0.785340354764215,0.21465964523578496
872,14.517,0.7424368162957374,0.810628540598867,0.7765326784473022,0.22346732155269777
873,14.533,0.7342210285411662,0.8110169262748698,0.772618977408018,0.227381022591982
874,14.55,0.7441218719286309,0.8157022893537613,0.7799120806411961,0.2200879193588039
875,14.567,0.7498345966994953,0.8191354014400953,0.7844849990697953,0.2155150009302047
876,14.583,0.7439856373429085,0.8220648265794382,0.7830252319611734,0.21697476803882665
877,14.6,0.7477394144186661,0.8188402864888925,0.7832898504537793,0.2167101495462207
878,14.617,0.7512424598808756,0.8286265047248021,0.7899344823028389,0.21006551769716109
879,14.633,0.7485252266345012,0.8200821152020115,0.7843036709182563,0.21569632908174374
880,14.65,0.7521797955502104,0.8183336204725871,0.7852567080113988,0.2147432919886012
881,14.667,0.7312960619370208,0.8074529247323171,0.7693744933346689,0.2306255066653311
882,14.683,0.7236941710825132,0.8040571510889352,0.7638756610857242,0.23612433891427576
883,14.7,0.7244052637366666,0.7984162014799429,0.7614107326083047,0.23858926739169528
884,14.717,0.7244564418980461,0.7988514647051232,0.7616539533015847,0.2383460466984153
885,14.733,0.7222415402353544,0.7936090031490373,0.7579252716921958,0.2420747283078042
886,14.75,0.717170614561729,0.7974909933093155,0.7573308039355222,0.2426691960644778
887,14.767,0.7240422190570104,0.7973881462019936,0.760715182629502,0.239284817370498
888,14.783,0.7100697289129208,0.8045448676565526,0.7573072982847366,0.24269270171526336
889,14.8,0.7095674058943683,0.7998170079511334,0.7546922069227509,0.24530779307724915
890,14.817,0.7017961676907973,0.8109165085882077,0.7563563381395025,0.24364366186049746
891,14.833,0.687375745526839,0.8052123001994766,0.7462940228631578,0.2537059771368422
892,14.85,0.6834159819941811,0.8070979858817434,0.7452569839379622,0.25474301606203775
893,14.867,0.685720019704074,0.8037806349494662,0.7447503273267702,0.25524967267322984
894,14.883,0.6939108738327188,0.8035841643217448,0.7487475190772318,0.2512524809227682
895,14.9,0.7106379021759346,0.7974189906868153,0.7540284464313749,0.2459715535686251
896,14.917,0.727286317599133,0.770326615705351,0.748806466652242,0.25119353334775796
897,14.933,0.7333010648596321,0.7470897217490062,0.7401953933043192,0.25980460669568084
898,14.95,0.5530358688021421,0.49010191983900053,0.5215688943205713,0.4784311056794287
899,14.967,0.5684858902735997,0.22788870551591084,0.39818729789475527,0.6018127021052447
900,14.983,0.6174261785868753,0.3710161731478178,0.4942211758673466,0.5057788241326534
901,15.0,0.4732962998348506,0.42767936192050643,0.4504878308776785,0.5495121691223215
902,15.017,0.3825495032450979,0.3842157733227409,0.3833826382839194,0.6166173617160806
903,15.033,0.2873063219819372,0.3811790931889654,0.33424270758545127,0.6657572924145487
904,15.05,0.38534067980754305,0.33206006228575907,0.3587003710466511,0.6412996289533489
905,15.067,0.2789030771385285,0.35895878846225054,0.31893093280038953,0.6810690671996105
906,15.083,0.2917165203591985,0.34717359778516704,0.3194450590721828,0.6805549409278172
907,15.1,0.30526276995651214,0.3434199359573239,0.324341352956918,0.675658647043082
908,15.117,0.2862631836818897,0.3403605885533768,0.3133118861176333,0.6866881138823667
909,15.133,0.33105874427714227,0.32289021759903896,0.3269744809380906,0.6730255190619094
910,15.15,0.24595778475436486,0.3185730189540991,0.282265401854232,0.717734598145768
911,15.167,0.24412971017186474,0.3170415936482958,0.2805856519100803,0.7194143480899198
912,15.183,0.25693357540850187,0.3254354562562789,0.29118451583239036,0.7088154841676096
913,15.2,0.25441231194513847,0.32230222036811934,0.28835726615662893,0.7116427338433711
914,15.217,0.22804116840337857,0.33639641065864556,0.2822187895310121,0.7177812104689879
915,15.233,0.23245729998413622,0.3508935095994154,0.2916754047917758,0.7083245952082242
916,15.25,0.236539578091736,0.3509333023201721,0.2937364402059541,0.7062635597940459
917,15.267,0.23645046071021844,0.34894149546355197,0.2926959780868852,0.7073040219131148
918,15.283,0.22421133624006157,0.34766883212641936,0.28594008418324046,0.7140599158167595
919,15.3,0.2386644212872102,0.34650184194706907,0.2925831316171396,0.7074168683828603
920,15.317,0.24527280460925718,0.3414181134304232,0.2933454590198402,0.7066545409801598
921,15.333,0.25172713250638357,0.3428183546022264,0.297272743554305,0.702727256445695
922,15.35,0.2655949746213075,0.3492484734617191,0.3074217240415133,0.6925782759584866
923,15.367,0.21750962772785623,0.334418042690294,0.27596383520907514,0.7240361647909248
924,15.383,0.22805111821086263,0.3083230233684,0.26818707078963133,0.7318129292103687
925,15.4,0.2343760011276702,0.30093561492059584,0.267655808024133,0.732344191975867
926,15.417,0.2267082699009826,0.2899982560828588,0.2583532629919207,0.7416467370080793
927,15.433,0.24197175269713736,0.2794881027395205,0.2607299277183289,0.7392700722816711
928,15.45,0.24448630307868868,0.2428106990864008,0.24364850108254474,0.7563514989174552
929,15.467,0.21815694565352567,0.24721577269686357,0.23268635917519462,0.7673136408248054
930,15.483,0.24872744099953725,0.27816868924914245,0.2634480651243398,0.7365519348756602
931,15.5,0.24909397172170894,0.29304558392455077,0.27106977782312985,0.7289302221768701
932,15.517,0.2511635659610478,0.3001186344641972,0.27564110021262245,0.7243588997873776
933,15.533,0.26791921332489116,0.3002771214893504,0.2840981674071208,0.7159018325928792
934,15.55,0.2687699680511182,0.29954036556139785,0.284155166806258,0.7158448331937419
935,15.567,0.28589076723016904,0.2905503653349813,0.2882205662825752,0.7117794337174248
936,15.583,0.28706515913325337,0.29419140697031165,0.2906282830517825,0.7093717169482174
937,15.6,0.2887056329653853,0.2955118694362018,0.29210875120079355,0.7078912487992064
938,15.617,0.28501336363284224,0.30578713906576765,0.2954002513493049,0.7045997486506951
939,15.633,0.279511322076103,0.3002250800855491,0.28986820108082606,0.710131798919174
940,15.65,0.27368898096594585,0.29067952901120725,0.2821842549885766,0.7178157450114234
941,15.667,0.2849790637680032,0.29954714341088934,0.2922631035894463,0.7077368964105537
942,15.683,0.2831799591002045,0.3007300091954886,0.29195498414784654,0.7080450158521534
943,15.7,0.2751234503046859,0.2997660529519172,0.2874447516283015,0.7125552483716985
944,15.717,0.2863210028612854,0.2966174788592429,0.29146924086026416,0.7085307591397358
945,15.733,0.27261035620566915,0.293727359747743,0.2831688579767061,0.7168311420232939
946,15.75,0.27945772827247356,0.29713524946179704,0.2882964888671353,0.7117035111328647
947,15.767,0.27700140267026857,0.29397987919934004,0.2854906409348043,0.7145093590651956
948,15.783,0.2800848505355214,0.29931373768891356,0.2896992941122175,0.7103007058877825
949,15.8,0.27843866651167,0.29708430350392623,0.2877614850077981,0.7122385149922019
950,15.817,0.26700828467010884,0.2917474580279026,0.2793778713490057,0.7206221286509943
951,15.833,0.27221767008727094,0.2965246476524457,0.2843711588698583,0.7156288411301417
952,15.85,0.2711398017736046,0.2959792477302205,0.28355952475191254,0.7164404752480875
953,15.867,0.2763245530408891,0.2787270437414237,0.27752579839115643,0.7224742016088436
954,15.883,0.2851417487700548,0.28422066436383503,0.28468120656694496,0.715318793433055
955,15.9,0.2668511716931354,0.29495415882147014,0.2809026652573028,0.7190973347426972
956,15.917,0.25472997557045585,0.29542845759061975,0.2750792165805378,0.7249207834194622
957,15.933,0.26243740439051816,0.29600464112147756,0.27922102275599786,0.7207789772440021
958,15.95,0.2700815660685155,0.2857790453884366,0.2779303057284761,0.7220696942715239
959,15.967,0.27722080643700764,0.2641425307002062,0.2706816685686069,0.7293183314313931
960,15.983,0.28349429774992296,0.24860130239383657,0.2660478000718798,0.7339521999281202
961,16.0,0.27410822055009115,0.22140538389894113,0.24775680222451613,0.7522431977754839
962,16.017,0.27800438879566286,0.18439766621149514,0.23120102750357902,0.768798972496421
963,16.033,0.2768220737182834,0.1700682075204976,0.22344514061939047,0.7765548593806095
964,16.05,0.2751293234607972,0.23237649958319742,0.2537529115219973,0.7462470884780027
965,16.067,0.28176032428385167,0.20354069031878685,0.24265050730131926,0.7573494926986808
966,16.083,0.27396614745851217,0.2199800608855103,0.24697310417201124,0.7530268958279888
967,16.1,0.28971465481211295,0.18293780616572328,0.2363262304889181,0.7636737695110819
968,16.117,0.26937141537395587,0.17674569608479723,0.22305855572937655,0.7769414442706235
969,16.133,0.2765314871453617,0.18146071824023297,0.22899610269279733,0.7710038973072026
970,16.15,0.2728956337213041,0.1973907313858994,0.23514318255360175,0.7648568174463982
971,16.167,0.27326712267006736,0.24577399296121374,0.25952055781564054,0.7404794421843595
972,16.183,0.2696785136072778,0.22906452955116957,0.24937152157922368,0.7506284784207763
973,16.2,0.2812024798222014,0.1744327778648418,0.2278176288435216,0.7721823711564784
974,16.217,0.2884942646695852,0.16726928374655647,0.22788177420807085,0.7721182257919291
975,16.233,0.27430826898369515,0.19545573303782984,0.2348820010107625,0.7651179989892375
976,16.25,0.28015720659956417,0.23322116799058545,0.25668918729507484,0.7433108127049252
977,16.267,0.28025235434537393,0.17076963626779124,0.22551099530658258,0.7744890046934174
978,16.283,0.28707987220447284,0.1853305135106792,0.23620519285757602,0.763794807142424
979,16.3,0.26702054613637566,0.18398011025835045,0.22550032819736304,0.7744996718026369
980,16.317,0.2639800740835356,0.25234920664603416,0.25816464036478487,0.7418353596352152
981,16.333,0.27745325612835753,0.2150034948847596,0.24622837550655857,0.7537716244934414
982,16.35,0.28107218494041997,0.2037651477887582,0.24241866636458909,0.7575813336354109
983,16.367,0.27759019015461167,0.21778334264146865,0.24768676639804016,0.7523132336019598
984,16.383,0.2753776666326426,0.19715565770926297,0.2362666621709528,0.7637333378290472
985,16.4,0.2776809960547215,0.19326198331589817,0.23547148968530984,0.7645285103146902
986,16.417,0.28280690121268537,0.19845804180221935,0.24063247150745237,0.7593675284925476
987,16.433,0.28050066893073994,0.19278896571337162,0.23664481732205578,0.7633551826779442
988,16.45,0.2793590903876305,0.22942548345236258,0.25439228691999655,0.7456077130800034
989,16.467,0.27429986713277693,0.19019300427096286,0.2322464357018699,0.7677535642981301
990,16.483,0.2871172805826598,0.2131770441266086,0.2501471623546342,0.7498528376453658
991,16.5,0.290356764394207,0.18890435824683222,0.2396305613205196,0.7603694386794804
992,16.517,0.3113811381138114,0.20146510388918487,0.2564231210014981,0.7435768789985019
993,16.533,0.32116087352365275,0.21457326214017416,0.26786706783191344,0.7321329321680865
994,16.55,0.3002019811081143,0.24702678166137085,0.2736143813847426,0.7263856186152574
995,16.567,0.2783920936936064,0.2566040796463766,0.26749808666999153,0.7325019133300085
996,16.583,0.29301620700884246,0.21077030350862405,0.25189325525873324,0.7481067447412668
997,16.6,0.35376545616926,0.19053608383119686,0.2721507700002284,0.7278492299997716
998,16.617,0.4329007993614783,0.26223970842769023,0.3475702538945843,0.6524297461054157
999,16.633,0.5413000916953731,0.46565359648662363,0.5034768440909984,0.49652315590900165
1000,16.65,0.6127572712025275,0.7984857913295996,0.7056215312660636,0.29437846873393636
1001,16.667,0.6199684898846953,0.8594656680346011,0.7397170789596482,0.2602829210403518
1002,16.683,0.7229039677050999,0.8533873224612107,0.7881456450831553,0.21185435491684468
1003,16.7,0.7707987838584853,0.8659470975525239,0.8183729407055046,0.1816270592944954
1004,16.717,0.7759065039195332,0.8514081713605712,0.8136573376400522,0.18634266235994779
